{
"lengthUnit": "mil",
"remark": [],
"components": {
	"fields": ["COMPONENT_NO", "COMPONENT_NAME", "LAYER", "X_COORDINATE", "Y_COORDINATE", "ANGLE"],
	"rows": [
		[1, "+1.8V", "T", 910, -410, 180],
		[2, "+5V", "T", 90, -64, 0],
		[3, "C1", "T", 1634, -374, 0],
		[4, "C2", "T", 1822, -374, 180],
		[5, "D2", "T", 146, -156, 180],
		[6, "FPC_IN", "T", 420.706, -206.949, 90],
		[7, "FPC_OUT", "T", 1266.6142, -508, 180],
		[8, "Motor", "T", 1982.2795, -474.4085, 90],
		[9, "Power_In", "T", 180, -330, 0],
		[10, "Q1", "T", 540, -514, 270],
		[11, "Q2", "T", 360, -510, 270],
		[12, "R4", "T", 640, -414, 90],
		[13, "R5", "T", 334, -392, 90],
		[14, "R6", "T", 1556, -530, 270],
		[15, "R7", "T", 202, -64, 180],
		[16, "R8", "T", 776, -414, 90],
		[17, "U2", "T", 1718, -474, 270],
		[18, "PAD1", "T", 99.835, -156, 0],
		[19, "PAD2", "T", 192.165, -156, 0],
		[20, "PAD3", "T", 1911.4145, -498.0285, 0],
		[21, "PAD4", "T", 1911.4145, -450.7885, 0],
		[22, "PAD5", "T", 2053.1445, -407.4785, 0],
		[23, "PAD6", "T", 2053.1445, -541.3385, 0],
		[24, "PAD7", "T", 156.38, -259.135, 0],
		[25, "PAD8", "T", 203.62, -259.135, 0],
		[26, "PAD9", "T", 246.93, -400.865, 0],
		[27, "PAD10", "T", 113.07, -400.865, 0],
		[28, "PAD11", "T", 1644.8, -374, 0],
		[29, "PAD12", "T", 1623.2, -374, 0],
		[30, "PAD13", "T", 58.525, -64.133, 0],
		[31, "PAD14", "T", 121.475, -63.863, 0],
		[32, "PAD15", "T", 502.6, -553.37, 0],
		[33, "PAD16", "T", 577.4, -553.37, 0],
		[34, "PAD17", "T", 540, -474.63, 0],
		[35, "PAD18", "T", 322.6, -549.37, 0],
		[36, "PAD19", "T", 397.4, -549.37, 0],
		[37, "PAD20", "T", 360, -470.63, 0],
		[38, "PAD21", "T", 640, -404.49, 0],
		[39, "PAD22", "T", 640, -423.51, 0],
		[40, "PAD23", "T", 334, -382.49, 0],
		[41, "PAD24", "T", 334, -401.51, 0],
		[42, "PAD25", "T", 1556, -539.51, 0],
		[43, "PAD26", "T", 1556, -520.49, 0],
		[44, "PAD27", "T", 192.49, -64, 0],
		[45, "PAD28", "T", 211.51, -64, 0],
		[46, "PAD29", "T", 1811.2, -374, 0],
		[47, "PAD30", "T", 1832.8, -374, 0],
		[48, "PAD31", "T", 776, -404.49, 0],
		[49, "PAD32", "T", 776, -423.51, 0],
		[50, "PAD33", "T", 1625.48, -434.635, 0],
		[51, "PAD34", "T", 1625.48, -454.315, 0],
		[52, "PAD35", "T", 1625.48, -473.995, 0],
		[53, "PAD36", "T", 1625.48, -493.685, 0],
		[54, "PAD37", "T", 1625.48, -513.375, 0],
		[55, "PAD38", "T", 1810.52, -493.685, 0],
		[56, "PAD39", "T", 1810.52, -474.005, 0],
		[57, "PAD40", "T", 1810.52, -454.315, 0],
		[58, "PAD41", "T", 1810.52, -434.625, 0],
		[59, "PAD42", "T", 876.5, -410, 0],
		[60, "PAD43", "T", 943.5, -410, 0],
		[61, "PAD44", "T", 470.016, -71.515, 0],
		[62, "PAD45", "T", 471.396, -342.385, 0],
		[63, "PAD46", "T", 370.016, -138.055, 0],
		[64, "PAD47", "T", 370.016, -157.735, 0],
		[65, "PAD48", "T", 370.016, -177.425, 0],
		[66, "PAD49", "T", 370.016, -197.105, 0],
		[67, "PAD50", "T", 370.016, -216.795, 0],
		[68, "PAD51", "T", 370.016, -236.475, 0],
		[69, "PAD52", "T", 370.016, -256.165, 0],
		[70, "PAD53", "T", 370.016, -275.845, 0],
		[71, "PAD54", "T", 1131.1802, -458.69, 0],
		[72, "PAD55", "T", 1402.0502, -457.31, 0],
		[73, "PAD56", "T", 1197.7202, -558.69, 0],
		[74, "PAD57", "T", 1217.4002, -558.69, 0],
		[75, "PAD58", "T", 1237.0902, -558.69, 0],
		[76, "PAD59", "T", 1256.7702, -558.69, 0],
		[77, "PAD60", "T", 1276.4602, -558.69, 0],
		[78, "PAD61", "T", 1296.1402, -558.69, 0],
		[79, "PAD62", "T", 1315.8302, -558.69, 0],
		[80, "PAD63", "T", 1335.5102, -558.69, 0]
	]
},
"pins": {
	"fields": ["PIN_NO", "PIN_NAME", "PIN_X", "PIN_Y", "LAYER", "PIN_TYPE", "NET_NAME", "NET_TYPE", "PAD_SHAPE", "PAD_SIZEX", "PAD_SIZEY", "HOLE_SIZE", "HOLE_LEN", "PAD_ANGLE"],
	"rows": [
		[1, "+1.8V_1", 876.5, -410, "T", "SMD", "$1N9272", "", "R", 31.496, 31.496, 0, 0, 270],
		[2, "+1.8V_2", 943.5, -410, "T", "SMD", "GND", "GND", "R", 31.496, 31.496, 0, 0, 270],
		[3, "+5V_1", 58.525, -64.133, "T", "SMD", "GND", "GND", "R", 31.496, 31.496, 0, 0, 90],
		[4, "+5V_2", 121.475, -63.863, "T", "SMD", "$1N7748", "", "R", 31.496, 31.496, 0, 0, 90],
		[5, "C1_1", 1623.2, -374, "T", "SMD", "$1N8875", "", "R", 14.505, 12.756, 0, 0, 0],
		[6, "C1_2", 1644.8, -374, "T", "SMD", "VDD", "", "R", 14.505, 12.756, 0, 0, 0],
		[7, "C2_1", 1832.8, -374, "T", "SMD", "GND", "GND", "R", 14.505, 12.756, 0, 0, 180],
		[8, "C2_2", 1811.2, -374, "T", "SMD", "VDD", "", "R", 14.505, 12.756, 0, 0, 180],
		[9, "D2_1", 192.165, -156, "T", "SMD", "VDD", "", "R", 39.37, 29.528, 0, 0, 180],
		[10, "D2_2", 99.835, -156, "T", "SMD", "GND", "GND", "R", 39.37, 29.528, 0, 0, 180],
		[11, "FPC_IN_1", 370.016, -275.845, "T", "SMD", "NET3", "", "R", 11.811, 49.213, 0, 0, 90],
		[12, "FPC_IN_2", 370.016, -256.165, "T", "SMD", "NET2", "", "R", 11.811, 49.213, 0, 0, 90],
		[13, "FPC_IN_3", 370.016, -236.475, "T", "SMD", "GND", "GND", "R", 11.811, 49.213, 0, 0, 90],
		[14, "FPC_IN_4", 370.016, -216.795, "T", "SMD", "SDA", "", "R", 11.811, 49.213, 0, 0, 90],
		[15, "FPC_IN_5", 370.016, -197.105, "T", "SMD", "SCA", "", "R", 11.811, 49.213, 0, 0, 90],
		[16, "FPC_IN_6", 370.016, -177.425, "T", "SMD", "NET1", "", "R", 11.811, 49.213, 0, 0, 90],
		[17, "FPC_IN_7", 370.016, -157.735, "T", "SMD", "+1.8V", "", "R", 11.811, 49.213, 0, 0, 90],
		[18, "FPC_IN_8", 370.016, -138.055, "T", "SMD", "+1.8V", "", "R", 11.811, 49.213, 0, 0, 90],
		[19, "FPC_IN_9", 470.016, -71.515, "T", "SMD", "GND", "GND", "R", 78.74, 98.425, 0, 0, 90],
		[20, "FPC_IN_10", 471.396, -342.385, "T", "SMD", "GND", "GND", "R", 78.74, 98.425, 0, 0, 90],
		[21, "FPC_OUT_1", 1335.5102, -558.69, "T", "SMD", "+1.8V", "", "R", 11.811, 49.213, 0, 0, 180],
		[22, "FPC_OUT_2", 1315.8302, -558.69, "T", "SMD", "+1.8V", "", "R", 11.811, 49.213, 0, 0, 180],
		[23, "FPC_OUT_3", 1296.1402, -558.69, "T", "SMD", "NET1", "", "R", 11.811, 49.213, 0, 0, 180],
		[24, "FPC_OUT_4", 1276.4602, -558.69, "T", "SMD", "SCA", "", "R", 11.811, 49.213, 0, 0, 180],
		[25, "FPC_OUT_5", 1256.7702, -558.69, "T", "SMD", "SDA", "", "R", 11.811, 49.213, 0, 0, 180],
		[26, "FPC_OUT_6", 1237.0902, -558.69, "T", "SMD", "GND", "GND", "R", 11.811, 49.213, 0, 0, 180],
		[27, "FPC_OUT_7", 1217.4002, -558.69, "T", "SMD", "NET2", "", "R", 11.811, 49.213, 0, 0, 180],
		[28, "FPC_OUT_8", 1197.7202, -558.69, "T", "SMD", "NET3", "", "R", 11.811, 49.213, 0, 0, 180],
		[29, "FPC_OUT_9", 1131.1802, -458.69, "T", "SMD", "GND", "GND", "R", 78.74, 98.425, 0, 0, 180],
		[30, "FPC_OUT_10", 1402.0502, -457.31, "T", "SMD", "GND", "GND", "R", 78.74, 98.425, 0, 0, 180],
		[31, "Motor_1", 1911.4145, -498.0285, "T", "SMD", "$1N9000", "", "R", 23.622, 33.465, 0, 0, 90],
		[32, "Motor_2", 1911.4145, -450.7885, "T", "SMD", "$1N8995", "", "R", 23.622, 33.465, 0, 0, 90],
		[33, "Motor_3", 2053.1445, -407.4785, "T", "SMD", "GND", "GND", "R", 27.559, 39.37, 0, 0, 90],
		[34, "Motor_4", 2053.1445, -541.3385, "T", "SMD", "GND", "GND", "R", 27.559, 39.37, 0, 0, 90],
		[35, "Power_In_1", 156.38, -259.135, "T", "SMD", "GND", "GND", "R", 23.622, 33.465, 0, 0, 0],
		[36, "Power_In_2", 203.62, -259.135, "T", "SMD", "VDD", "", "R", 23.622, 33.465, 0, 0, 0],
		[37, "Power_In_3", 246.93, -400.865, "T", "SMD", "GND", "GND", "R", 27.559, 39.37, 0, 0, 0],
		[38, "Power_In_4", 113.07, -400.865, "T", "SMD", "GND", "GND", "R", 27.559, 39.37, 0, 0, 0],
		[39, "Q1_1", 502.6, -553.37, "T", "SMD", "+1.8V", "", "R", 49.213, 27.559, 0, 0, 270],
		[40, "Q1_2", 577.4, -553.37, "T", "SMD", "SCA", "", "R", 49.213, 27.559, 0, 0, 270],
		[41, "Q1_3", 540, -474.63, "T", "SMD", "SC0", "", "R", 49.213, 27.559, 0, 0, 270],
		[42, "Q2_1", 322.6, -549.37, "T", "SMD", "+1.8V", "", "R", 49.213, 27.559, 0, 0, 270],
		[43, "Q2_2", 397.4, -549.37, "T", "SMD", "SDA", "", "R", 49.213, 27.559, 0, 0, 270],
		[44, "Q2_3", 360, -470.63, "T", "SMD", "SD0", "", "R", 49.213, 27.559, 0, 0, 270],
		[45, "R4_1", 640, -423.51, "T", "SMD", "SC0", "", "R", 11.934, 12.756, 0, 0, 90],
		[46, "R4_2", 640, -404.49, "T", "SMD", "VDD", "", "R", 11.934, 12.756, 0, 0, 90],
		[47, "R5_1", 334, -401.51, "T", "SMD", "SD0", "", "R", 11.934, 12.756, 0, 0, 90],
		[48, "R5_2", 334, -382.49, "T", "SMD", "VDD", "", "R", 11.934, 12.756, 0, 0, 90],
		[49, "R6_1", 1556, -520.49, "T", "SMD", "$1N8933", "", "R", 11.934, 12.756, 0, 0, 270],
		[50, "R6_2", 1556, -539.51, "T", "SMD", "+1.8V", "", "R", 11.934, 12.756, 0, 0, 270],
		[51, "R7_1", 211.51, -64, "T", "SMD", "VDD", "", "R", 11.934, 12.756, 0, 0, 180],
		[52, "R7_2", 192.49, -64, "T", "SMD", "$1N7748", "", "R", 11.934, 12.756, 0, 0, 180],
		[53, "R8_1", 776, -423.51, "T", "SMD", "+1.8V", "", "R", 11.934, 12.756, 0, 0, 90],
		[54, "R8_2", 776, -404.49, "T", "SMD", "$1N9272", "", "R", 11.934, 12.756, 0, 0, 90],
		[55, "U2_1", 1625.48, -434.635, "T", "SMD", "$1N8875", "", "R", 11.811, 51.181, 0, 0, 270],
		[56, "U2_2", 1625.48, -454.315, "T", "SMD", "SC0", "", "R", 11.811, 51.181, 0, 0, 270],
		[57, "U2_3", 1625.48, -473.995, "T", "SMD", "SD0", "", "R", 11.811, 51.181, 0, 0, 270],
		[58, "U2_4", 1625.48, -493.685, "T", "SMD", "GND", "GND", "R", 11.811, 51.181, 0, 0, 270],
		[59, "U2_5", 1625.48, -513.375, "T", "SMD", "$1N8933", "", "R", 11.811, 51.181, 0, 0, 270],
		[60, "U2_6", 1810.52, -513.365, "T", "SMD", "NET_1", "", "R", 11.811, 51.181, 0, 0, 270],
		[61, "U2_7", 1810.52, -493.685, "T", "SMD", "$1N9000", "", "R", 11.811, 51.181, 0, 0, 270],
		[62, "U2_8", 1810.52, -474.005, "T", "SMD", "GND", "GND", "R", 11.811, 51.181, 0, 0, 270],
		[63, "U2_9", 1810.52, -454.315, "T", "SMD", "$1N8995", "", "R", 11.811, 51.181, 0, 0, 270],
		[64, "U2_10", 1810.52, -434.625, "T", "SMD", "VDD", "", "R", 11.811, 51.181, 0, 0, 270],
		[65, "PAD1_2", 99.835, -156, "T", "SMD", "GND", "GND", "R", 39.37, 29.528, 0, 0, 180],
		[66, "PAD2_1", 192.165, -156, "T", "SMD", "VDD", "", "R", 39.37, 29.528, 0, 0, 180],
		[67, "PAD3_1", 1911.4145, -498.0285, "T", "SMD", "$1N9000", "", "R", 23.622, 33.465, 0, 0, 90],
		[68, "PAD4_2", 1911.4145, -450.7885, "T", "SMD", "$1N8995", "", "R", 23.622, 33.465, 0, 0, 90],
		[69, "PAD5_3", 2053.1445, -407.4785, "T", "SMD", "GND", "GND", "R", 27.559, 39.37, 0, 0, 90],
		[70, "PAD6_4", 2053.1445, -541.3385, "T", "SMD", "GND", "GND", "R", 27.559, 39.37, 0, 0, 90],
		[71, "PAD7_1", 156.38, -259.135, "T", "SMD", "GND", "GND", "R", 23.622, 33.465, 0, 0, 0],
		[72, "PAD8_2", 203.62, -259.135, "T", "SMD", "VDD", "", "R", 23.622, 33.465, 0, 0, 0],
		[73, "PAD9_3", 246.93, -400.865, "T", "SMD", "GND", "GND", "R", 27.559, 39.37, 0, 0, 0],
		[74, "PAD10_4", 113.07, -400.865, "T", "SMD", "GND", "GND", "R", 27.559, 39.37, 0, 0, 0],
		[75, "PAD11_2", 1644.8, -374, "T", "SMD", "VDD", "", "R", 14.505, 12.756, 0, 0, 0],
		[76, "PAD12_1", 1623.2, -374, "T", "SMD", "$1N8875", "", "R", 14.505, 12.756, 0, 0, 0],
		[77, "PAD13_1", 58.525, -64.133, "T", "SMD", "GND", "GND", "R", 31.496, 31.496, 0, 0, 90],
		[78, "PAD14_2", 121.475, -63.863, "T", "SMD", "$1N7748", "", "R", 31.496, 31.496, 0, 0, 90],
		[79, "PAD15_1", 502.6, -553.37, "T", "SMD", "+1.8V", "", "R", 49.213, 27.559, 0, 0, 270],
		[80, "PAD16_2", 577.4, -553.37, "T", "SMD", "SCA", "", "R", 49.213, 27.559, 0, 0, 270],
		[81, "PAD17_3", 540, -474.63, "T", "SMD", "SC0", "", "R", 49.213, 27.559, 0, 0, 270],
		[82, "PAD18_1", 322.6, -549.37, "T", "SMD", "+1.8V", "", "R", 49.213, 27.559, 0, 0, 270],
		[83, "PAD19_2", 397.4, -549.37, "T", "SMD", "SDA", "", "R", 49.213, 27.559, 0, 0, 270],
		[84, "PAD20_3", 360, -470.63, "T", "SMD", "SD0", "", "R", 49.213, 27.559, 0, 0, 270],
		[85, "PAD21_2", 640, -404.49, "T", "SMD", "VDD", "", "R", 11.934, 12.756, 0, 0, 90],
		[86, "PAD22_1", 640, -423.51, "T", "SMD", "SC0", "", "R", 11.934, 12.756, 0, 0, 90],
		[87, "PAD23_2", 334, -382.49, "T", "SMD", "VDD", "", "R", 11.934, 12.756, 0, 0, 90],
		[88, "PAD24_1", 334, -401.51, "T", "SMD", "SD0", "", "R", 11.934, 12.756, 0, 0, 90],
		[89, "PAD25_2", 1556, -539.51, "T", "SMD", "+1.8V", "", "R", 11.934, 12.756, 0, 0, 270],
		[90, "PAD26_1", 1556, -520.49, "T", "SMD", "$1N8933", "", "R", 11.934, 12.756, 0, 0, 270],
		[91, "PAD27_2", 192.49, -64, "T", "SMD", "$1N7748", "", "R", 11.934, 12.756, 0, 0, 180],
		[92, "PAD28_1", 211.51, -64, "T", "SMD", "VDD", "", "R", 11.934, 12.756, 0, 0, 180],
		[93, "PAD29_2", 1811.2, -374, "T", "SMD", "VDD", "", "R", 14.505, 12.756, 0, 0, 180],
		[94, "PAD30_1", 1832.8, -374, "T", "SMD", "GND", "GND", "R", 14.505, 12.756, 0, 0, 180],
		[95, "PAD31_2", 776, -404.49, "T", "SMD", "$1N9272", "", "R", 11.934, 12.756, 0, 0, 90],
		[96, "PAD32_1", 776, -423.51, "T", "SMD", "+1.8V", "", "R", 11.934, 12.756, 0, 0, 90],
		[97, "PAD33_1", 1625.48, -434.635, "T", "SMD", "$1N8875", "", "R", 11.811, 51.181, 0, 0, 270],
		[98, "PAD34_2", 1625.48, -454.315, "T", "SMD", "SC0", "", "R", 11.811, 51.181, 0, 0, 270],
		[99, "PAD35_3", 1625.48, -473.995, "T", "SMD", "SD0", "", "R", 11.811, 51.181, 0, 0, 270],
		[100, "PAD36_4", 1625.48, -493.685, "T", "SMD", "GND", "GND", "R", 11.811, 51.181, 0, 0, 270],
		[101, "PAD37_5", 1625.48, -513.375, "T", "SMD", "$1N8933", "", "R", 11.811, 51.181, 0, 0, 270],
		[102, "PAD38_7", 1810.52, -493.685, "T", "SMD", "$1N9000", "", "R", 11.811, 51.181, 0, 0, 270],
		[103, "PAD39_8", 1810.52, -474.005, "T", "SMD", "GND", "GND", "R", 11.811, 51.181, 0, 0, 270],
		[104, "PAD40_9", 1810.52, -454.315, "T", "SMD", "$1N8995", "", "R", 11.811, 51.181, 0, 0, 270],
		[105, "PAD41_10", 1810.52, -434.625, "T", "SMD", "VDD", "", "R", 11.811, 51.181, 0, 0, 270],
		[106, "PAD42_1", 876.5, -410, "T", "SMD", "$1N9272", "", "R", 31.496, 31.496, 0, 0, 270],
		[107, "PAD43_2", 943.5, -410, "T", "SMD", "GND", "GND", "R", 31.496, 31.496, 0, 0, 270],
		[108, "PAD44_9", 470.016, -71.515, "T", "SMD", "GND", "GND", "R", 78.74, 98.425, 0, 0, 90],
		[109, "PAD45_10", 471.396, -342.385, "T", "SMD", "GND", "GND", "R", 78.74, 98.425, 0, 0, 90],
		[110, "PAD46_8", 370.016, -138.055, "T", "SMD", "+1.8V", "", "R", 11.811, 49.213, 0, 0, 90],
		[111, "PAD47_7", 370.016, -157.735, "T", "SMD", "+1.8V", "", "R", 11.811, 49.213, 0, 0, 90],
		[112, "PAD48_6", 370.016, -177.425, "T", "SMD", "NET1", "", "R", 11.811, 49.213, 0, 0, 90],
		[113, "PAD49_5", 370.016, -197.105, "T", "SMD", "SCA", "", "R", 11.811, 49.213, 0, 0, 90],
		[114, "PAD50_4", 370.016, -216.795, "T", "SMD", "SDA", "", "R", 11.811, 49.213, 0, 0, 90],
		[115, "PAD51_3", 370.016, -236.475, "T", "SMD", "GND", "GND", "R", 11.811, 49.213, 0, 0, 90],
		[116, "PAD52_2", 370.016, -256.165, "T", "SMD", "NET2", "", "R", 11.811, 49.213, 0, 0, 90],
		[117, "PAD53_1", 370.016, -275.845, "T", "SMD", "NET3", "", "R", 11.811, 49.213, 0, 0, 90],
		[118, "PAD54_9", 1131.1802, -458.69, "T", "SMD", "GND", "GND", "R", 78.74, 98.425, 0, 0, 180],
		[119, "PAD55_10", 1402.0502, -457.31, "T", "SMD", "GND", "GND", "R", 78.74, 98.425, 0, 0, 180],
		[120, "PAD56_8", 1197.7202, -558.69, "T", "SMD", "NET3", "", "R", 11.811, 49.213, 0, 0, 180],
		[121, "PAD57_7", 1217.4002, -558.69, "T", "SMD", "NET2", "", "R", 11.811, 49.213, 0, 0, 180],
		[122, "PAD58_6", 1237.0902, -558.69, "T", "SMD", "GND", "GND", "R", 11.811, 49.213, 0, 0, 180],
		[123, "PAD59_5", 1256.7702, -558.69, "T", "SMD", "SDA", "", "R", 11.811, 49.213, 0, 0, 180],
		[124, "PAD60_4", 1276.4602, -558.69, "T", "SMD", "SCA", "", "R", 11.811, 49.213, 0, 0, 180],
		[125, "PAD61_3", 1296.1402, -558.69, "T", "SMD", "NET1", "", "R", 11.811, 49.213, 0, 0, 180],
		[126, "PAD62_2", 1315.8302, -558.69, "T", "SMD", "+1.8V", "", "R", 11.811, 49.213, 0, 0, 180],
		[127, "PAD63_1", 1335.5102, -558.69, "T", "SMD", "+1.8V", "", "R", 11.811, 49.213, 0, 0, 180]
	]
}
}